{"cameraMode":{"drawMode":0,"name":"Shaded","section":"Shading Mode"},"sceneLighting":true,"audioPlay":false,"sceneViewState":{"m_AlwaysRefresh":false,"showFog":true,"showSkybox":true,"showFlares":true,"showImageEffects":true,"showParticleSystems":true,"showVisualEffectGraphs":true,"m_FxEnabled":true},"in2DMode":false,"pivot":{"x":22.158599853515626,"y":11.535613059997559,"z":0.11557483673095703},"rotation":{"x":-0.0450122207403183,"y":0.5216171741485596,"z":-0.027571484446525575,"w":-0.8515480160713196},"size":30.151859283447267,"orthographic":false}